SQL> SET PAGES 200 LINES 200
SQL> SELECT ENAME,SAL*12
  2  FROM EMP;

ENAME          SAL*12                                                                                                                                                                                   
---------- ----------                                                                                                                                                                                   
SMITH            9600                                                                                                                                                                                   
ALLEN           19200                                                                                                                                                                                   
WARD            15000                                                                                                                                                                                   
JONES           35700                                                                                                                                                                                   
MARTIN          15000                                                                                                                                                                                   
BLAKE           34200                                                                                                                                                                                   
CLARK           29400                                                                                                                                                                                   
SCOTT           36000                                                                                                                                                                                   
KING            60000                                                                                                                                                                                   
TURNER          18000                                                                                                                                                                                   
ADAMS           13200                                                                                                                                                                                   
JAMES           11400                                                                                                                                                                                   
FORD            36000                                                                                                                                                                                   
MILLER          15600                                                                                                                                                                                   

14 rows selected.

SQL> SELECT ENAME,JOB
  2  
SQL> SELECT ENAME,JOB,SAL*6
  2  FROM EMP;

ENAME      JOB            SAL*6                                                                                                                                                                         
---------- --------- ----------                                                                                                                                                                         
SMITH      CLERK           4800                                                                                                                                                                         
ALLEN      SALESMAN        9600                                                                                                                                                                         
WARD       SALESMAN        7500                                                                                                                                                                         
JONES      MANAGER        17850                                                                                                                                                                         
MARTIN     SALESMAN        7500                                                                                                                                                                         
BLAKE      MANAGER        17100                                                                                                                                                                         
CLARK      MANAGER        14700                                                                                                                                                                         
SCOTT      ANALYST        18000                                                                                                                                                                         
KING       PRESIDENT      30000                                                                                                                                                                         
TURNER     SALESMAN        9000                                                                                                                                                                         
ADAMS      CLERK           6600                                                                                                                                                                         
JAMES      CLERK           5700                                                                                                                                                                         
FORD       ANALYST        18000                                                                                                                                                                         
MILLER     CLERK           7800                                                                                                                                                                         

14 rows selected.

SQL> SELECT EMP.*,SAL*12+2000
  2  FROM EMP;

     EMPNO ENAME      JOB              MGR HIREDATE         SAL       COMM     DEPTNO SAL*12+2000                                                                                                       
---------- ---------- --------- ---------- --------- ---------- ---------- ---------- -----------                                                                                                       
      7369 SMITH      CLERK           7902 17-DEC-80        800                    20       11600                                                                                                       
      7499 ALLEN      SALESMAN        7698 20-FEB-81       1600        300         30       21200                                                                                                       
      7521 WARD       SALESMAN        7698 22-FEB-81       1250        500         30       17000                                                                                                       
      7566 JONES      MANAGER         7839 02-APR-81       2975                    20       37700                                                                                                       
      7654 MARTIN     SALESMAN        7698 28-SEP-81       1250       1400         30       17000                                                                                                       
      7698 BLAKE      MANAGER         7839 01-MAY-81       2850                    30       36200                                                                                                       
      7782 CLARK      MANAGER         7839 09-JUN-81       2450                    10       31400                                                                                                       
      7788 SCOTT      ANALYST         7566 19-APR-87       3000                    20       38000                                                                                                       
      7839 KING       PRESIDENT            17-NOV-81       5000                    10       62000                                                                                                       
      7844 TURNER     SALESMAN        7698 08-SEP-81       1500          0         30       20000                                                                                                       
      7876 ADAMS      CLERK           7788 23-MAY-87       1100                    20       15200                                                                                                       
      7900 JAMES      CLERK           7698 03-DEC-81        950                    30       13400                                                                                                       
      7902 FORD       ANALYST         7566 03-DEC-81       3000                    20       38000                                                                                                       
      7934 MILLER     CLERK           7782 23-JAN-82       1300                    10       17600                                                                                                       

14 rows selected.

SQL> SELECT SAL+NVL(COMM,0)
  2  FROM EMP;

SAL+NVL(COMM,0)                                                                                                                                                                                         
---------------                                                                                                                                                                                         
            800                                                                                                                                                                                         
           1900                                                                                                                                                                                         
           1750                                                                                                                                                                                         
           2975                                                                                                                                                                                         
           2650                                                                                                                                                                                         
           2850                                                                                                                                                                                         
           2450                                                                                                                                                                                         
           3000                                                                                                                                                                                         
           5000                                                                                                                                                                                         
           1500                                                                                                                                                                                         
           1100                                                                                                                                                                                         
            950                                                                                                                                                                                         
           3000                                                                                                                                                                                         
           1300                                                                                                                                                                                         

14 rows selected.

SQL> SELECT SAL,SAL+NVL(COMM,0)
  2  FROM EMP;

       SAL SAL+NVL(COMM,0)                                                                                                                                                                              
---------- ---------------                                                                                                                                                                              
       800             800                                                                                                                                                                              
      1600            1900                                                                                                                                                                              
      1250            1750                                                                                                                                                                              
      2975            2975                                                                                                                                                                              
      1250            2650                                                                                                                                                                              
      2850            2850                                                                                                                                                                              
      2450            2450                                                                                                                                                                              
      3000            3000                                                                                                                                                                              
      5000            5000                                                                                                                                                                              
      1500            1500                                                                                                                                                                              
      1100            1100                                                                                                                                                                              
       950             950                                                                                                                                                                              
      3000            3000                                                                                                                                                                              
      1300            1300                                                                                                                                                                              

14 rows selected.

SQL> SELECT ENAME,SAL,(25/SAL)*100
  2  FROM EMP;

ENAME             SAL (25/SAL)*100                                                                                                                                                                      
---------- ---------- ------------                                                                                                                                                                      
SMITH             800        3.125                                                                                                                                                                      
ALLEN            1600       1.5625                                                                                                                                                                      
WARD             1250            2                                                                                                                                                                      
JONES            2975   .840336134                                                                                                                                                                      
MARTIN           1250            2                                                                                                                                                                      
BLAKE            2850   .877192982                                                                                                                                                                      
CLARK            2450   1.02040816                                                                                                                                                                      
SCOTT            3000   .833333333                                                                                                                                                                      
KING             5000           .5                                                                                                                                                                      
TURNER           1500   1.66666667                                                                                                                                                                      
ADAMS            1100   2.27272727                                                                                                                                                                      
JAMES             950   2.63157895                                                                                                                                                                      
FORD             3000   .833333333                                                                                                                                                                      
MILLER           1300   1.92307692                                                                                                                                                                      

14 rows selected.

SQL> SELECT ENAME, SAL, SAL-(25/100)*SAL
  2  FROM EMP;

ENAME             SAL SAL-(25/100)*SAL                                                                                                                                                                  
---------- ---------- ----------------                                                                                                                                                                  
SMITH             800              600                                                                                                                                                                  
ALLEN            1600             1200                                                                                                                                                                  
WARD             1250            937.5                                                                                                                                                                  
JONES            2975          2231.25                                                                                                                                                                  
MARTIN           1250            937.5                                                                                                                                                                  
BLAKE            2850           2137.5                                                                                                                                                                  
CLARK            2450           1837.5                                                                                                                                                                  
SCOTT            3000             2250                                                                                                                                                                  
KING             5000             3750                                                                                                                                                                  
TURNER           1500             1125                                                                                                                                                                  
ADAMS            1100              825                                                                                                                                                                  
JAMES             950            712.5                                                                                                                                                                  
FORD             3000             2250                                                                                                                                                                  
MILLER           1300              975                                                                                                                                                                  

14 rows selected.

SQL> SELECT ENAME,SAL,SAL+(50/100)*SAL
  2  FROM EMP;

ENAME             SAL SAL+(50/100)*SAL                                                                                                                                                                  
---------- ---------- ----------------                                                                                                                                                                  
SMITH             800             1200                                                                                                                                                                  
ALLEN            1600             2400                                                                                                                                                                  
WARD             1250             1875                                                                                                                                                                  
JONES            2975           4462.5                                                                                                                                                                  
MARTIN           1250             1875                                                                                                                                                                  
BLAKE            2850             4275                                                                                                                                                                  
CLARK            2450             3675                                                                                                                                                                  
SCOTT            3000             4500                                                                                                                                                                  
KING             5000             7500                                                                                                                                                                  
TURNER           1500             2250                                                                                                                                                                  
ADAMS            1100             1650                                                                                                                                                                  
JAMES             950             1425                                                                                                                                                                  
FORD             3000             4500                                                                                                                                                                  
MILLER           1300             1950                                                                                                                                                                  

14 rows selected.

SQL> 
SQL> SPOOL OFF
