SQL> 
SQL> SELECT COUNT(*),JOB
  2  FROM EMP
  3  GROUP BY JOB
  4  HAVING COUNT(*)>2;

  COUNT(*) JOB                                                                                                                                                                                          
---------- ---------                                                                                                                                                                                    
         4 CLERK                                                                                                                                                                                        
         4 SALESMAN                                                                                                                                                                                     
         3 MANAGER                                                                                                                                                                                      

SQL> SELECT COUNT(*),DEPTNO
  2  FROM '
  3  
SQL> SELECT COUNT(*),DEPTNO
  2  FROM EMP
  3  GROUP BY DEPTNO
  4  HAVING COUNT(*)>2;

  COUNT(*)     DEPTNO                                                                                                                                                                                   
---------- ----------                                                                                                                                                                                   
         6         30                                                                                                                                                                                   
         5         20                                                                                                                                                                                   
         3         10                                                                                                                                                                                   

SQL> SELECT COUNT(*),DEPTNO
  2  FROM EMP
  3  GROUP BY DEPTNO
  4  HAVING COUNT('CLERK')>=3;

  COUNT(*)     DEPTNO                                                                                                                                                                                   
---------- ----------                                                                                                                                                                                   
         6         30                                                                                                                                                                                   
         5         20                                                                                                                                                                                   
         3         10                                                                                                                                                                                   

  1  SELECT COUNT(*),SUM(SAL),DEPTNO
  2  FROM EMP
  3  GROUP BY DEPTNO
  4* HAVING COUNT(*)>=4;

  COUNT(*)   SUM(SAL)     DEPTNO                                                                                                                                                                        
---------- ---------- ----------                                                                                                                                                                        
         6       9400         30                                                                                                                                                                        
         5      10875         20                                                                                                                                                                        

SQL> SELECT COUNT(*),SUM(SAL),JOB
  2  FROM EMP
  3  WHERE SAL>1200
  4  GROUP BY JOB
  5  HAVING SUM(SAL)>3800;

  COUNT(*)   SUM(SAL) JOB                                                                                                                                                                               
---------- ---------- ---------                                                                                                                                                                         
         4       5600 SALESMAN                                                                                                                                                                          
         1       5000 PRESIDENT                                                                                                                                                                         
         3       8275 MANAGER                                                                                                                                                                           
         2       6000 ANALYST                                                                                                                                                                           

SQL> SELECT COUNT(*),
  2  
SQL> SELECT COUNT(*),JOB
  2  FROM EMP
  3  WHERE JOB='MANAGER'
  4  GROUP BY JOB
  5  HAVING COUNT(*)>=2;

  COUNT(*) JOB                                                                                                                                                                                          
---------- ---------                                                                                                                                                                                    
         3 MANAGER                                                                                                                                                                                      

SQL> SELECT MAX(SAL)
  2  FROM EMP
  3  GROUP BY SAL
  4  HAVING SUM(SAL)>2600;

  MAX(SAL)                                                                                                                                                                                              
----------                                                                                                                                                                                              
      5000                                                                                                                                                                                              
      2850                                                                                                                                                                                              
      2975                                                                                                                                                                                              
      3000                                                                                                                                                                                              


  1  SELECT MAX(SAL),JOB
  2  FROM EMP
  3  GROUP BY SAL,JOB
  4* HAVING SUM(SAL)>2600
SQL> /

  MAX(SAL) JOB                                                                                                                                                                                          
---------- ---------                                                                                                                                                                                    
      2850 MANAGER                                                                                                                                                                                      
      2975 MANAGER                                                                                                                                                                                      
      3000 ANALYST                                                                                                                                                                                      
      5000 PRESIDENT                                                                                                                                                                                    

SQL> SELECT COUNT(SAL),SAL
  2  FROM EMP
  3  GROUP BY SAL
  4  HAVING COUNT(SAL)>1;

COUNT(SAL)        SAL                                                                                                                                                                                   
---------- ----------                                                                                                                                                                                   
         2       1250                                                                                                                                                                                   
         2       3000                                                                                                                                                                                   

SQL> SELECT COUNT(HIREDATE),HIREDATE
  2  FROM EMP
  3  GROUP BY HIREDATE
  4  HAVING COUNT(HIREDATE)>1;

COUNT(HIREDATE) HIREDATE                                                                                                                                                                                
--------------- ---------                                                                                                                                                                               
              2 03-DEC-81                                                                                                                                                                               

SQL> SELECT AVG(SAL),SAL
  2  FROM EMP
  3  GROUP BY SAL
  4  HAVING AVG(SAL)>3000;

  AVG(SAL)        SAL                                                                                                                                                                                   
---------- ----------                                                                                                                                                                                   
      5000       5000                                                                                                                                                                                   

SQL> SELECT COUNT(*),DEPTNO
  2  FROM EMP
  3  WHERE ENAME LIKE 'A%' OR ENAME LIKE 'S%'
  4  GROUP BY DEPTNO
  5  HAVING COUNT(*)>=3;

  COUNT(*)     DEPTNO                                                                                                                                                                                   
---------- ----------                                                                                                                                                                                   
         3         20                                                                                                                                                                                   


  1  SELECT MIN(SAL),MAX(SAL),SAL
  2  FROM EMP
  3  GROUP BY SAL
  4* HAVING MIN(SAL)>1000 AND MAX(SAL)<5000
SQL> /

  MIN(SAL)   MAX(SAL)        SAL                                                                                                                                                                        
---------- ---------- ----------                                                                                                                                                                        
      2450       2450       2450                                                                                                                                                                        
      1300       1300       1300                                                                                                                                                                        
      1250       1250       1250                                                                                                                                                                        
      2850       2850       2850                                                                                                                                                                        
      2975       2975       2975                                                                                                                                                                        
      1100       1100       1100                                                                                                                                                                        
      3000       3000       3000                                                                                                                                                                        
      1600       1600       1600                                                                                                                                                                        
      1500       1500       1500                                                                                                                                                                        

9 rows selected.

SQL> 
SQL> SELECT COUNT(*),DEPTNO
  2  FROM EMP
  3  WHERE JOB='CLERK'
  4  GROUP BY DEPTNO
  5  HAVING COUNT(*)>=3;

no rows selected 

  1  SELECT AVG(SAL),DEPTNO
  2  FROM EMP
  3  GROUP BY DEPTNO
  4 HAVING AVG(SAL)<3000;

  AVG(SAL)     DEPTNO                                                                                                                                                                                   
---------- ----------                                                                                                                                                                                   
1566.66667         30                                                                                                                                                                                   
      2175         20                                                                                                                                                                                   
2916.66667         10                                                                                                                                                                                   

SQL> SELECT MIN(SAL),MAX(SAL),JOB
  2  FROM EMP
  3  GROUP BY JOB
  4  HAVING MIN(SAL)>1000 AND MAX(SAL)<5000;

  MIN(SAL)   MAX(SAL) JOB                                                                                                                                                                               
---------- ---------- ---------                                                                                                                                                                         
      1250       1600 SALESMAN                                                                                                                                                                          
      2450       2975 MANAGER                                                                                                                                                                           
      3000       3000 ANALYST                                                                                                                                                                           


  1  SELECT *
  2  FROM EMP
  3* ORDER BY DEPTNO , JOB DESC
SQL> /

     EMPNO ENAME      JOB              MGR HIREDATE         SAL       COMM     DEPTNO                                                                                                                   
---------- ---------- --------- ---------- --------- ---------- ---------- ----------                                                                                                                   
      7839 KING       PRESIDENT            17-NOV-81       5000                    10                                                                                                                   
      7782 CLARK      MANAGER         7839 09-JUN-81       2450                    10                                                                                                                   
      7934 MILLER     CLERK           7782 23-JAN-82       1300                    10                                                                                                                   
      7566 JONES      MANAGER         7839 02-APR-81       2975                    20                                                                                                                   
      7876 ADAMS      CLERK           7788 23-MAY-87       1100                    20                                                                                                                   
      7369 SMITH      CLERK           7902 17-DEC-80        800                    20                                                                                                                   
      7788 SCOTT      ANALYST         7566 19-APR-87       3000                    20                                                                                                                   
      7902 FORD       ANALYST         7566 03-DEC-81       3000                    20                                                                                                                   
      7654 MARTIN     SALESMAN        7698 28-SEP-81       1250       1400         30                                                                                                                   
      7844 TURNER     SALESMAN        7698 08-SEP-81       1500          0         30                                                                                                                   
      7521 WARD       SALESMAN        7698 22-FEB-81       1250        500         30                                                                                                                   
      7499 ALLEN      SALESMAN        7698 20-FEB-81       1600        300         30                                                                                                                   
      7698 BLAKE      MANAGER         7839 01-MAY-81       2850                    30                                                                                                                   
      7900 JAMES      CLERK           7698 03-DEC-81        950                    30                                                                                                                   

14 rows selected.

SQL> SPOOL OFF
